id,category,purpose,tone,recipient_name,additional_details,generated_email
1,Leave Request,Request 3 days of annual leave.,Professional,John Doe,Leave from August 10 to August 12 for personal reasons.,"Subject: Request for Annual Leave

Dear John Doe,

I am writing to request three days of annual leave from August 10 to August 12 for personal reasons. I would greatly appreciate it if you could approve my request.

If there are any concerns or additional information is required, please do not hesitate to contact me.

Thank you for your time and consideration.

Best regards,
Alice Smith
alice@example.com"
2,Leave Request,Request sick leave.,Professional,Sarah Lee,Need one day of sick leave due to fever.,"Subject: Request for Sick Leave

Dear Sarah Lee,

I am writing to request a day of sick leave due to a fever that I am currently experiencing. I will be unable to come to work for one day and will ensure that I catch up on any missed work as soon as possible.

If there are any pressing matters that need my attention in the meantime, please let me know and I will do my best to address them remotely.

Thank you for your understanding and I look forward to being back in the office soon.

Best regards,
Alice Smith
alice@example.com"
3,Leave Request,Request work from home.,Professional,David Smith,Work from home for two days because of home maintenance.,"Subject: Request to Work from Home for Two Days

Dear David Smith,

I am writing to request the possibility of working from home for the next two days. I have scheduled home maintenance that cannot be rescheduled and will require my presence at home during this time.

I will ensure that my work responsibilities are fulfilled and available by email if anything urgent comes up while I am working remotely. I appreciate your consideration of my request and please let me know if there are any concerns.

Thank you for your understanding.

Best regards,
Alice Smith
alice@example.com"
4,Salary,Request a salary increase.,Professional,John Doe,"Worked 5 years, exceeded KPIs, mentored junior staff.","Subject: Request for Salary Increase

Dear John Doe,

I am writing to formally request a salary increase based on my performance and dedication to the company over the past five years. During this time, I have consistently exceeded my Key Performance Indicators (KPIs) and have made significant contributions to the team's success.

In addition to my core responsibilities, I have also taken on a mentorship role, guiding and supporting junior staff members to help them develop their skills and expertise. I believe my hard work, commitment, and the value I have added to the team warrant a salary increase.

I would appreciate the opportunity to discuss this request with you in more detail and explore the possibilities. If we could schedule a meeting to talk further, I would be grateful.

Thank you for considering my request.

Best regards,
Alice Smith
alice@example.com"
5,Salary,Request compensation review.,Formal,Emily Brown,Completed Master's degree and took additional responsibilities.,"Subject: Request for Compensation Review

Dear Emily Brown,

I am writing to request a review of my current compensation package. As you are aware, I have recently completed my Master's degree, which has not only enhanced my skills and knowledge but also enabled me to take on additional responsibilities within the organization.

I believe that my new qualifications and expanded role warrant a reassessment of my compensation. I would appreciate the opportunity to discuss this further with you and explore the possibilities of an adjustment.

Thank you for considering my request. I look forward to your response.

Best regards,
Alice Smith
alice@example.com"
6,Promotion,Request promotion consideration.,Professional,Michael Chen,Led two successful projects and consistently received positive feedback.,"Subject: Request for Promotion Consideration

Dear Michael Chen,

I am writing to express my interest in being considered for a promotion within the company. Over the past year, I have had the opportunity to lead two successful projects, which have not only met but exceeded expectations. Additionally, I have consistently received positive feedback from my colleagues and supervisors, which I believe is a testament to my hard work and dedication.

I believe that my skills, experience, and achievements make me an ideal candidate for a promotion. I would appreciate the opportunity to discuss my qualifications further with you and explore the possibilities for advancement within the company.

Thank you for considering my request. I look forward to your response.

Best regards,
Alice Smith
alice@example.com"
7,Meeting,Invite team to weekly meeting.,Professional,Project Team,Meeting on Monday at 10:00 AM.,"Subject: Weekly Team Meeting Invitation

Dear Project Team,

I am writing to invite you to our weekly team meeting, scheduled to take place on Monday at 10:00 AM. This meeting will provide an opportunity for us to discuss ongoing projects, address any challenges, and align our goals for the upcoming week.

I look forward to seeing you all there. If you have any topics you would like to add to the agenda, please let me know in advance.

Best regards,
Alice Smith
alice@example.com"
8,Meeting,Reschedule a meeting.,Professional,John Doe,Move meeting from Tuesday to Wednesday 2 PM.,"Subject: Rescheduling of Meeting

Dear John Doe,

I am writing to reschedule our meeting that was previously set for Tuesday. I would like to move it to Wednesday at 2 PM. Please let me know if this new time suits you, and I look forward to hearing back from you to confirm.

Best regards,
Alice Smith
alice@example.com"
9,Meeting,Send meeting reminder.,Friendly,Development Team,Reminder for tomorrow at 9:30 AM.,"Subject: Reminder: Meeting Tomorrow at 9:30 AM

Dear Development Team,

I hope this email finds you well. I wanted to send a friendly reminder that we have a meeting scheduled for tomorrow at 9:30 AM. I look forward to seeing you all there and discussing our current projects.

If you have any questions or concerns, please don't hesitate to reach out to me.

Best regards,
Alice Smith
alice@example.com"
10,Project Update,Provide project progress update.,Professional,Project Manager,Frontend completed; backend 80% complete.,"Subject: Project Progress Update

Dear Project Manager,

I am writing to provide you with an update on the current status of our project. As of now, the frontend of the project has been completed, and we have made significant progress on the backend, which is approximately 80% complete.

I will continue to monitor the progress and ensure that the project is completed as scheduled. If you have any questions or need further information, please do not hesitate to reach out to me.

Best regards,
Alice Smith
alice@example.com"
11,Project Update,Notify project completion.,Professional,Client Team,Project delivered on schedule.,"Subject: Notification of Project Completion

Dear Client Team,

I am writing to inform you that the project has been successfully completed and delivered on schedule. Our team worked diligently to ensure that all aspects of the project were met as per the agreed timeline and requirements.

If you have any questions or would like to discuss the project further, please do not hesitate to reach out to me. We appreciate the opportunity to have worked with you and look forward to potential future collaborations.

Best regards,
Alice Smith
alice@example.com"
12,Task Assignment,Assign a task.,Professional,Alice Green,Prepare testing report by Friday.,"Subject: Task Assignment: Testing Report

Dear Alice Green,

I am assigning you a task to prepare a comprehensive testing report. The report should be completed and submitted to me by this Friday. If you have any questions or concerns, please do not hesitate to reach out to me.

I appreciate your prompt attention to this matter, and I look forward to receiving the report on time.

Best regards,
Alice Smith
alice@example.com"
13,Task Assignment,Request code review.,Professional,Bob White,Review pull request #245.,"Subject: Request for Code Review of Pull Request #245

Dear Bob White,

I am writing to request a code review of pull request #245. Your input and expertise would be invaluable in ensuring the quality and integrity of the code.

Could you please review the changes and provide your feedback at your earliest convenience?

Thank you for your time and assistance.

Best regards,
Alice Smith
alice@example.com"
14,Follow-up,Follow up on previous email.,Professional,John Doe,Waiting for approval since last week.,"Subject: Follow-up on Previous Email

Dear John Doe,

I am writing to follow up on my email from last week, as I have yet to receive your approval. I understand that you must be busy, but I would greatly appreciate it if you could provide an update on the status of my request at your earliest convenience.

If there is any additional information I can provide to facilitate the approval process, please do not hesitate to let me know. I am looking forward to hearing from you soon.

Best regards,
Alice Smith
alice@example.com"
15,Approval,Request budget approval.,Formal,Finance Manager,"Budget of $5,000 for software licenses.","Subject: Request for Budget Approval for Software Licenses

Dear Finance Manager,

I am writing to request approval for a budget of $5,000 to cover the cost of software licenses that are essential for our current projects. This expenditure is necessary to ensure we have the necessary tools to complete our tasks efficiently and effectively.

I would appreciate it if you could review and approve this request as soon as possible, so we can proceed with the purchase of the licenses without any delays.

Thank you for your time and consideration.

Best regards,
Alice Smith
alice@example.com"
16,Approval,Request training approval.,Professional,HR Manager,Attend a cloud certification course.,"Subject: Request for Training Approval: Cloud Certification Course

Dear HR Manager,

I am writing to request approval to attend a cloud certification course, which I believe will enhance my skills and contribute to the company's growth. This training will enable me to better understand and utilize cloud technology, ultimately benefiting our team's productivity and efficiency.

I would appreciate it if you could review and approve my request at your earliest convenience. If there are any additional steps or information required from my end, please let me know.

Thank you for considering my request.

Best regards,
Alice Smith
alice@example.com"
17,Apology,Apologize for delayed response.,Professional,Sarah Lee,Delay due to urgent production issue.,"Subject: Apology for Delayed Response

Dear Sarah Lee,

I am writing to apologize for the delay in my response to your email. Unfortunately, we encountered an urgent production issue that required my immediate attention, causing the delay.

Please be assured that I am now attending to your matter, and I will respond to you as soon as possible.

Thank you for your understanding and patience.

Best regards,
Alice Smith
alice@example.com"
18,Apology,Apologize for missing a meeting.,Formal,Michael Chen,Unexpected medical appointment.,"Subject: Apology for Missing Meeting

Dear Michael Chen,

I am writing to express my sincere apologies for missing our meeting. Unfortunately, I had an unexpected medical appointment that arose and I was unable to attend. I regret any inconvenience this may have caused and am available to reschedule at your earliest convenience.

Please let me know a suitable time, and I will make sure to adjust my schedule accordingly.

Best regards,
Alice Smith
alice@example.com"
19,Appreciation,Thank a colleague.,Warm,Emma Wilson,Helped resolve production issue.,"Subject: Appreciation for Your Help

Dear Emma Wilson,

I wanted to take a moment to express my sincere gratitude for your assistance in resolving the recent production issue. Your input and expertise were invaluable, and I truly appreciate the time and effort you dedicated to helping us get back on track.

Your help made a significant difference, and I am thankful to work alongside such a supportive and knowledgeable colleague.

Thank you again for your help and cooperation.

Best regards,
Alice Smith
alice@example.com"
20,Appreciation,Thank project team.,Warm,Development Team,Successfully delivered release.,"Subject: Appreciation for Your Hard Work on the Recent Release

Dear Development Team,

I wanted to take a moment to express my heartfelt gratitude to each and every one of you for your tireless efforts in delivering our recent release. Your dedication, expertise, and teamwork have been instrumental in its success. 

The fact that we were able to successfully deliver this release is a testament to your collective hard work and commitment to excellence. I am truly appreciative of the long hours, attention to detail, and collaborative spirit that you all brought to this project.

Thank you again for your outstanding work. I look forward to our next project together.

Best regards,
Alice Smith
alice@example.com"
21,Congratulations,Congratulate on promotion.,Friendly,David Smith,Recently promoted to Team Lead.,"Subject: Congratulations on Your Promotion

Dear David Smith,

I wanted to take a moment to congratulate you on your recent promotion to Team Lead. This is a well-deserved recognition of your hard work and dedication. I am thrilled to see you take on this new challenge and am confident that you will excel in your new role.

Please let me know if there is anything I can do to support you during this transition. Once again, congratulations on this achievement.

Best regards,
Alice Smith
alice@example.com"
22,Welcome,Welcome a new employee.,Friendly,New Employee,Joining the engineering team.,"Subject: A Warm Welcome to the Team

Dear John,

I am thrilled to welcome you to our engineering team. We are all excited to have you on board and look forward to seeing the valuable contributions we know you will make. Your skills and experience will undoubtedly be a great asset to our team, and we are eager to have you as a part of our collaborative and innovative environment.

If you need any assistance or have questions as you get settled, please do not hesitate to reach out. We have a wonderful team that is always ready to help.

Once again, welcome to the team, and we look forward to seeing the great work we know you will do.

Best regards,
Alice Smith
alice@example.com"
23,Farewell,Farewell message.,Warm,Jessica Brown,Leaving the organization next month.,"Subject: Wishing You Well, Jessica

Dear Jessica Brown,

I am writing to bid you farewell as I will be leaving the organization next month. I wanted to take a moment to express my gratitude for the opportunity to work alongside you and appreciate the support you have provided during my time here.

I wish you continued success and growth, and I am confident that the organization will thrive in the future. Please stay in touch, and I hope our paths will cross again.

Best regards,
Alice Smith
alice@example.com"
24,Complaint,Report printer issue.,Formal,IT Support,Printer on 3rd floor not working.,"Subject: Report: Printer Issue on 3rd Floor

Dear IT Support,

I am writing to report an issue with the printer located on the 3rd floor. Unfortunately, it is currently not working and is in need of repair or maintenance.

Could you please look into this matter at your earliest convenience and arrange for the necessary actions to be taken to resolve the issue?

Thank you for your prompt attention to this matter.

Best regards,
Alice Smith
alice@example.com"
25,Complaint,Report network outage.,Professional,IT Team,Internet unavailable since morning.,"Subject: Report of Network Outage

Dear IT Team,

I am writing to inform you that the internet has been unavailable since this morning. The outage is currently affecting all online operations, and we are unable to access any web-based services.

I would appreciate it if you could look into this matter urgently and provide an estimated time for resolution.

Thank you for your prompt attention to this issue.

Best regards,
Alice Smith
alice@example.com"
26,Reminder,Remind about deadline.,Professional,John Doe,Submit report before Friday 5 PM.,"Subject: Reminder: Report Submission Deadline

Dear John Doe,

I am writing to remind you that the deadline for submitting your report is approaching. Please ensure that you submit your report before this Friday at 5 PM.

If you have any questions or concerns, please do not hesitate to reach out to me.

Best regards,
Alice Smith
alice@example.com"
27,Reminder,Reminder for document submission.,Friendly,Intern Team,Upload onboarding documents.,"Subject: Reminder: Onboarding Documents Submission

Dear Intern Team,

I hope this email finds you well. I am writing to remind you that your onboarding documents are due for submission. As part of our onboarding process, it is essential that we receive these documents to ensure a smooth transition into our team.

To submit your documents, please upload them to the designated platform. If you have any questions or concerns regarding the submission process, please do not hesitate to reach out to me.

Thank you for your prompt attention to this matter, and I look forward to receiving your documents soon.

Best regards,
Alice Smith
alice@example.com"
28,Permission,Request permission to attend conference.,Professional,Manager,AI conference next month.,"Subject: Request to Attend AI Conference

Dear Manager,

I am writing to request permission to attend an AI conference that will be taking place next month. The conference aligns with our current projects and I believe it would be beneficial for me to attend to stay updated on the latest developments in the field.

I would appreciate it if you could consider my request. If approved, I will ensure that my tasks are completed and my absence does not impact our team's workload.

Thank you for your time and consideration.

Best regards,
Alice Smith
alice@example.com"
29,Permission,Request early departure.,Professional,Manager,Medical appointment at 3 PM.,"Subject: Request for Early Departure

Dear Manager,

I am writing to request an early departure today due to a medical appointment that I have scheduled for 3 PM. I will ensure that all my tasks are up to date and completed before I leave to minimize any disruption.

I would greatly appreciate it if you could approve my request. If you require any further information, please do not hesitate to contact me.

Thank you for your understanding and support.

Best regards,
Alice Smith
alice@example.com"
30,Training,Request technical training.,Professional,HR,Interested in Kubernetes training.,"Subject: Request for Technical Training

Dear HR,

I am writing to express my interest in attending a technical training session to enhance my skills and contribute to the company's growth. Specifically, I am interested in Kubernetes training, which I believe would be highly beneficial for my role and the team.

I would appreciate it if you could provide me with information on available training options, including dates, duration, and any prerequisites. If there are any internal training programs or recommendations, please let me know.

Thank you for considering my request. I look forward to hearing from you soon.

Best regards,
Alice Smith
alice@example.com"
31,Equipment,Request new laptop.,Professional,IT Manager,Current laptop frequently crashes.,"Subject: Request for Replacement Laptop

Dear IT Manager,

I am writing to request a new laptop as my current one is frequently crashing, causing disruptions to my work. I believe a replacement laptop would greatly improve my productivity and efficiency.

I would appreciate it if we could discuss the process for obtaining a new laptop and any necessary steps I need to take.

Thank you for your time and assistance with this matter.

Best regards,
Alice Smith
alice@example.com"
32,Equipment,Request additional monitor.,Professional,IT Manager,Improves productivity for development.,"Subject: Request for Additional Monitor

Dear IT Manager,

I am writing to request an additional monitor for my workstation. Having a second monitor would significantly improve my productivity, particularly in my development work. It would enable me to multitask more efficiently and streamline my workflow.

I believe this addition would have a positive impact on my overall performance and contribute to the team's success. If possible, I would appreciate it if this request could be fulfilled at your earliest convenience.

Thank you for your time and consideration.

Best regards,
Alice Smith
alice@example.com"
33,Information,Request project requirements.,Professional,Business Analyst,Need updated requirements document.,"Subject: Request for Updated Project Requirements

Dear Business Analyst,

I hope this email finds you well. I am reaching out to request the updated project requirements document for our current project. In order to move forward with the project, it is essential that we have the most recent and accurate requirements.

Could you please provide me with the latest version of the requirements document at your earliest convenience? I would appreciate it if you could also confirm if there have been any changes to the initial requirements.

Thank you for your time and assistance. I look forward to hearing back from you soon.

Best regards,
Alice Smith
alice@example.com"
34,Information,Ask for clarification.,Professional,Team Lead,Clarify API specification.,"Subject: Clarification on API Specification

Dear Team Lead,

I hope this email finds you well. I am reaching out to request clarification on the API specification that was shared with the team recently. After reviewing the documentation, I have a few questions regarding the implementation details and would appreciate it if you could provide further insight.

Specifically, I would like to confirm the expected input parameters and response formats to ensure that our development aligns with the requirements. Your clarification will help us to move forward with the project efficiently.

Thank you for your time and assistance. I look forward to hearing back from you.

Best regards,
Alice Smith
alice@example.com"
35,Deadline,Request deadline extension.,Professional,Project Manager,Need two additional days due to dependency.,"Subject: Request for Deadline Extension

Dear Project Manager,

I am writing to request a deadline extension for our current project. Due to a dependency that has shifted our timeline, we require an additional two days to complete the task. This adjustment will ensure that we meet the expected quality standards and deliver the project to the best of our abilities.

I would appreciate it if we could extend the deadline by two working days. Please let me know if this is feasible and if there are any further discussions or approvals needed.

Thank you for your understanding and I look forward to your response.

Best regards,
Alice Smith
alice@example.com"
36,Deadline,Notify possible delay.,Professional,Client Team,Vendor delay affects timeline.,"Subject: Notification of Possible Delay in Project Timeline

Dear Client Team,

I am writing to inform you that we are currently facing a potential delay in our project timeline due to unforeseen circumstances with one of our vendors. The vendor delay may impact our ability to meet the original deadline, and we are working diligently to assess the situation and mitigate any potential disruptions.

We will provide an updated project schedule as soon as possible and will keep you informed of any changes. If you have any questions or concerns, please do not hesitate to reach out to me directly.

Thank you for your understanding and cooperation.

Best regards,
Alice Smith
alice@example.com"
37,Recognition,Nominate employee for award.,Professional,HR,Consistently exceeded expectations.,"Subject: Nomination for Employee Award

Dear HR,

I am writing to nominate one of our exceptional team members for an employee award. This individual has consistently exceeded expectations, demonstrating outstanding performance and dedication to their role.

Their hard work and commitment to excellence have not gone unnoticed, and I believe they would be an ideal candidate for this recognition. I would be happy to provide any additional information or support necessary to facilitate their nomination.

Thank you for considering this nomination. I look forward to the opportunity to see our team member's efforts acknowledged.

Best regards,
Alice Smith
alice@example.com"
38,Performance,Request performance feedback.,Professional,Manager,Interested in improvement suggestions.,"Subject: Request for Performance Feedback

Dear Manager,

I am writing to request your feedback on my recent performance. I am interested in understanding my strengths and areas for improvement, and I would appreciate any suggestions you may have for my growth and development.

Your input will be invaluable in helping me to refine my skills and contribute more effectively to the team. If you are available, I would appreciate the opportunity to discuss your feedback with you in more detail.

Thank you for your time and consideration. I look forward to hearing from you soon.

Best regards,
Alice Smith
alice@example.com"
39,Performance,Share self-performance summary.,Professional,Manager,Completed all quarterly objectives.,"Subject: Self-Performance Summary for the Quarter

Dear Manager,

I am writing to share a summary of my self-performance for the recent quarter. I am pleased to report that I have successfully completed all of my quarterly objectives. This achievement is a result of my focused efforts and dedication to meeting the set targets.

I would be happy to discuss my performance in more detail and explore ways to continue delivering high-quality results in the future. If you would like to schedule a meeting to review my progress, please let me know.

Thank you for your ongoing support.

Best regards,
Alice Smith
alice@example.com"
40,Travel,Request business travel approval.,Professional,Department Head,Client meeting in another city.,"Subject: Request for Business Travel Approval

Dear Department Head,

I am writing to request approval for business travel to attend a client meeting in another city. The meeting is a critical step in our ongoing discussions and will provide an opportunity to strengthen our relationship with the client.

I would appreciate it if you could review and approve my travel request as soon as possible. If you require any additional information, please do not hesitate to contact me.

Thank you for your time and consideration.

Best regards,
Alice Smith
alice@example.com"
41,Holiday,Notify planned holiday.,Professional,Team,Vacation scheduled next month.,"Subject: Notification of Planned Holiday

Dear Team,

I am writing to inform you that I have scheduled a vacation for next month. I will ensure that all my tasks are up to date and completed before my departure to minimize any disruption to our work.

If you have any questions or concerns, please do not hesitate to reach out to me before I leave.

Best regards,
Alice Smith
alice@example.com"
42,Policy,Request policy clarification.,Formal,HR,Question about remote work policy.,"Subject: Request for Remote Work Policy Clarification

Dear HR,

I am writing to seek clarification on our company's remote work policy. I have been reviewing the guidelines and would appreciate further guidance on certain aspects to ensure I am in compliance.

Specifically, I would like to know if there are any specific requirements or expectations for remote work arrangements, such as core working hours or virtual meeting attendance. I believe it would be beneficial to have a clear understanding of these details to maintain productivity and efficiency while working remotely.

I would appreciate it if you could provide me with more information or direct me to the relevant resources that outline our company's remote work policy.

Thank you for your time and assistance.

Best regards,
Alice Smith
alice@example.com"
43,Support,Request technical support.,Professional,IT Helpdesk,Unable to access VPN.,"Subject: Request for Technical Support with VPN Access

Dear IT Helpdesk,

I am writing to request technical support as I am currently unable to access the VPN. Despite attempting to connect, I have been unsuccessful and require assistance to resolve this issue.

Could you please provide guidance or support to help me regain access to the VPN as soon as possible? I would appreciate any troubleshooting steps or a timeline for when this issue can be resolved.

Thank you for your prompt attention to this matter.

Best regards,
Alice Smith
alice@example.com"
44,Support,Report software bug.,Professional,Development Team,Application crashes during login.,"Subject: Software Bug Report: Application Crash During Login

Dear Development Team,

I am writing to report a software bug that I encountered while attempting to log in to our application. Unfortunately, the application crashes during the login process, preventing me from accessing the system.

I would appreciate it if you could look into this matter and provide a resolution as soon as possible.

Best regards,
Alice Smith
alice@example.com"
45,Event,Invite colleagues to team lunch.,Friendly,Team,Friday at 1 PM.,"Subject: Join Us for Team Lunch This Friday

Dear Team,

I hope this email finds you well. I am excited to invite you all to a team lunch this Friday at 1 PM. It will be a great opportunity for us to catch up and socialize outside of our regular meetings.

I look forward to seeing you all there. If you have any dietary restrictions, please let me know in advance so we can make the necessary arrangements.

Best regards,
Alice Smith
alice@example.com"
46,Event,Invite to knowledge-sharing session.,Professional,Engineering Team,Topic: LangChain Best Practices.,"Subject: Invitation to Knowledge-Sharing Session: LangChain Best Practices

Dear Engineering Team,

I am writing to invite you to a knowledge-sharing session focused on LangChain Best Practices. This session aims to bring together our team's expertise and experiences to discuss the most effective ways to utilize LangChain in our projects.

The session will provide a platform for us to share our insights, challenges, and successes, ultimately enhancing our collective understanding and application of LangChain. Your participation and contribution to this discussion are invaluable, and I encourage you to come prepared to share your thoughts and learn from your colleagues.

Date, time, and location details will be shared separately. If you have any specific topics or questions you would like to address during the session, please do not hesitate to reach out to me.

I look forward to your participation and to a productive discussion.

Best regards,
Alice Smith
alice@example.com"
47,General,Introduce yourself to a new team.,Friendly,New Team,Recently joined backend team.,"Subject: Introduction to the Team

Dear New Team,

I am excited to introduce myself as the newest member of the backend team. My name is Alice Smith, and I am looking forward to working with all of you. I recently joined the team and am eager to contribute my skills and experience to our projects.

I am still getting familiar with our team's workflow and processes, but I am enthusiastic about the opportunity to learn and grow with such a talented group of professionals. If you have any questions or would like to chat about our current projects, please don't hesitate to reach out to me.

Best regards,
Alice Smith
alice@example.com"
48,General,Request one-on-one meeting.,Professional,Manager,Discuss career development.,"Subject: Request for One-on-One Meeting to Discuss Career Development

Dear Manager,

I hope this email finds you well. I am writing to request a one-on-one meeting with you to discuss my career development and explore opportunities for growth within the company. I believe that your guidance and insight would be invaluable in helping me set and achieve my professional goals.

Would it be possible to schedule a meeting at your convenience? I am available to meet at your preferred time and look forward to hearing from you.

Best regards,
Alice Smith
alice@example.com"
49,Edge Case,Request salary increase.,Professional,John Doe,,"Subject: Request for Salary Increase

Dear John Doe,

I am writing to formally request a salary increase, based on my research and industry standards. I believe my contributions and dedication to the company over the past year warrant this consideration. I would appreciate the opportunity to discuss this further with you and explore the possibilities.

Thank you for your time and consideration. I look forward to your response.

Best regards,
Alice Smith
alice@example.com"
50,Edge Case,Request project extension.,Professional,Project Manager,"Worked 7 years, AWS certified, led three projects, mentored interns, consistently exceeded KPIs, recently completed Master's degree.","Subject: Request for Project Extension

Dear John,

I hope this email finds you well. I am writing to request a project extension, and I would appreciate it if we could discuss this further. Over the past 7 years, I have been dedicated to delivering high-quality results, consistently exceeding KPIs and taking on additional responsibilities such as mentoring interns and leading projects. Notably, I have successfully led three projects, leveraging my skills and expertise, including my AWS certification, to drive success.

Recently, I completed my Master's degree, which has not only enhanced my knowledge but also equipped me with new skills that I am eager to apply to our current project. Given the complexity and the potential impact of the project, I believe that a short extension would be beneficial in ensuring that we meet our objectives and deliver the best possible outcome.

I would appreciate the opportunity to discuss this request with you in more detail and explore options that work for everyone involved. Please let me know if this is something we can schedule a meeting to discuss.

Thank you for considering my request.

Best regards,
Alice Smith
alice@example.com"
